Name,Position,Team,GP,Minutes,2P,0-3,3-10,10-16,16-3P,3P,2PA,0-3A,3-10A,10-16A,16-3PA,3PA
Precious Achiuwa,PF,MIA,61,737,0.546,0.645,0.367,0.333,0.167,0.0,0.996,0.667,0.263,0.039,0.026,0.004
Jaylen Adams,PG,MIL,7,18,0.167,0.0,0.0,1.0,0.0,0.0,0.75,0.25,0.375,0.125,0.0,0.25
Steven Adams,C,NOP,58,1605,0.62,0.693,0.494,0.429,0.0,0.0,0.99,0.646,0.276,0.068,0.0,0.01
Bam Adebayo,C,MIA,64,2143,0.573,0.794,0.471,0.456,0.386,0.25,0.99,0.353,0.303,0.225,0.11,0.01
LaMarcus Aldridge,C,TOT,26,674,0.505,0.622,0.472,0.444,0.489,0.388,0.73,0.152,0.122,0.152,0.304,0.27
Ty-Shon Alexander,SG,PHO,15,47,0.333,1.0,0.0,0.0,0.0,0.222,0.25,0.083,0.0,0.0,0.167,0.75
Nickeil Alexander-Walker,SG,NOP,46,1007,0.485,0.481,0.52,0.421,0.459,0.347,0.522,0.236,0.164,0.041,0.081,0.478
Grayson Allen,SG,MEM,50,1259,0.471,0.667,0.365,0.414,0.125,0.391,0.338,0.123,0.126,0.07,0.019,0.662
Jarrett Allen,C,TOT,63,1864,0.631,0.761,0.436,0.407,0.214,0.316,0.961,0.6,0.276,0.056,0.029,0.039
Al-Farouq Aminu,PF,TOT,23,434,0.484,0.519,0.417,0.0,0.75,0.216,0.626,0.273,0.242,0.03,0.081,0.374
Kyle Anderson,PF,MEM,69,1887,0.539,0.654,0.497,0.541,0.42,0.36,0.603,0.158,0.22,0.149,0.076,0.397
Giannis Antetokounmpo,PF,MIL,61,2013,0.636,0.837,0.401,0.359,0.324,0.303,0.799,0.451,0.193,0.094,0.062,0.201
Kostas Antetokounmpo,PF,LAL,15,56,0.3,0.75,0.0,0.0,0.0,0.0,1.0,0.4,0.6,0.0,0.0,0.0
Thanasis Antetokounmpo,SF,MIL,57,551,0.556,0.671,0.105,0.0,0.5,0.241,0.788,0.62,0.139,0.015,0.015,0.212
Carmelo Anthony,PF,POR,69,1690,0.429,0.5,0.403,0.448,0.396,0.409,0.582,0.062,0.08,0.236,0.205,0.418
Cole Anthony,PG,ORL,47,1273,0.424,0.588,0.298,0.493,0.391,0.337,0.688,0.185,0.292,0.129,0.083,0.312
OG Anunoby,SF,TOR,43,1433,0.562,0.759,0.344,0.381,0.357,0.398,0.497,0.256,0.173,0.04,0.027,0.503
Ryan Arcidiacono,PG,CHI,44,450,0.48,0.556,0.375,0.7,0.167,0.373,0.427,0.154,0.137,0.085,0.051,0.573
Trevor Ariza,SF,MIA,30,841,0.5,0.609,0.261,0.0,0.25,0.35,0.407,0.286,0.095,0.008,0.017,0.593
D.J. Augustin,PG,TOT,57,1129,0.413,0.54,0.371,0.28,0.313,0.382,0.367,0.146,0.102,0.073,0.047,0.633
Deni Avdija,SF,WAS,54,1257,0.535,0.733,0.473,0.214,0.545,0.315,0.462,0.144,0.237,0.045,0.035,0.538
Deandre Ayton,C,PHO,69,2115,0.639,0.766,0.517,0.479,0.323,0.2,0.971,0.53,0.259,0.137,0.045,0.029
Udoka Azubuike,C,UTA,15,57,0.444,0.571,0.0,0.0,0.0,0.0,1.0,0.778,0.222,0.0,0.0,0.0
Dwayne Bacon,SG,ORL,72,1853,0.449,0.579,0.402,0.394,0.338,0.285,0.715,0.236,0.226,0.143,0.11,0.285
Marvin Bagley III,PF,SAC,43,1112,0.55,0.727,0.383,0.55,0.167,0.343,0.78,0.373,0.341,0.041,0.024,0.22
LaMelo Ball,PG,CHO,51,1469,0.489,0.576,0.419,0.375,0.407,0.352,0.612,0.302,0.174,0.095,0.04,0.388
Lonzo Ball,PG,NOP,55,1747,0.482,0.626,0.3,0.386,0.407,0.378,0.35,0.153,0.057,0.063,0.077,0.65
Mo Bamba,C,ORL,46,725,0.568,0.728,0.46,0.263,0.409,0.322,0.608,0.306,0.166,0.063,0.073,0.392
Desmond Bane,SG,MEM,68,1519,0.513,0.614,0.485,0.426,0.407,0.432,0.457,0.176,0.132,0.094,0.054,0.543
Harrison Barnes,PF,SAC,58,2102,0.567,0.721,0.415,0.393,0.0,0.391,0.601,0.307,0.248,0.044,0.003,0.399
RJ Barrett,SG,NYK,72,2511,0.457,0.605,0.318,0.315,0.397,0.401,0.708,0.325,0.228,0.087,0.069,0.292
Will Barton,SF,DEN,56,1736,0.459,0.63,0.297,0.455,0.39,0.381,0.577,0.227,0.211,0.072,0.067,0.423
Keita Bates-Diop,SF,SAS,30,245,0.5,0.808,0.158,0.333,0.0,0.294,0.746,0.388,0.284,0.045,0.03,0.254
Nicolas Batum,SF,LAC,67,1835,0.579,0.699,0.6,0.455,0.4,0.404,0.34,0.177,0.024,0.053,0.085,0.66
Aron Baynes,C,TOR,53,980,0.532,0.59,0.473,0.471,0.333,0.262,0.661,0.385,0.181,0.056,0.039,0.339
Kent Bazemore,SF,GSW,67,1333,0.486,0.643,0.485,0.292,0.235,0.408,0.531,0.214,0.168,0.061,0.087,0.469
Darius Bazley,PF,OKC,55,1714,0.47,0.621,0.287,0.37,0.333,0.29,0.586,0.306,0.197,0.039,0.043,0.414
Bradley Beal,SG,WAS,60,2147,0.535,0.66,0.53,0.47,0.452,0.349,0.73,0.177,0.274,0.143,0.136,0.27
Malik Beasley,SG,MIN,37,1214,0.487,0.6,0.449,0.267,0.5,0.399,0.465,0.192,0.148,0.075,0.05,0.535
Jordan Bell,C,TOT,6,82,0.35,0.5,0.0,0.0,1.0,0.0,0.909,0.545,0.273,0.045,0.045,0.091
DeAndre' Bembry,SF,TOR,51,972,0.589,0.767,0.436,0.375,0.0,0.264,0.768,0.377,0.342,0.035,0.013,0.232
Dāvis Bertāns,PF,WAS,57,1464,0.48,0.706,0.474,0.167,0.25,0.395,0.105,0.036,0.04,0.013,0.017,0.895
Patrick Beverley,PG,LAC,37,832,0.468,0.5,0.483,0.286,0.4,0.397,0.359,0.173,0.132,0.032,0.023,0.641
Saddiq Bey,SF,DET,70,1909,0.45,0.596,0.313,0.294,0.381,0.38,0.334,0.158,0.097,0.049,0.03,0.666
Tyler Bey,SF,DAL,18,71,0.333,0.5,0.4,0.0,0.0,0.25,0.818,0.364,0.227,0.182,0.045,0.182
Khem Birch,C,TOT,67,1529,0.537,0.692,0.431,0.46,0.389,0.25,0.863,0.342,0.342,0.132,0.047,0.137
Goga Bitadze,C,IND,45,561,0.548,0.697,0.297,0.6,0.0,0.253,0.593,0.34,0.191,0.052,0.01,0.407
Bismack Biyombo,C,CHO,66,1349,0.589,0.692,0.355,0.333,0.0,0.0,0.996,0.698,0.256,0.037,0.004,0.004
Nemanja Bjelica,PF,TOT,37,595,0.559,0.689,0.395,0.333,0.5,0.318,0.566,0.311,0.219,0.015,0.02,0.434
Eric Bledsoe,SG,NOP,71,2111,0.496,0.681,0.393,0.425,0.439,0.341,0.514,0.159,0.167,0.11,0.078,0.486
Keljin Blevins,SF,POR,17,75,0.25,0.5,0.143,0.0,0.0,0.25,0.6,0.2,0.35,0.05,0.0,0.4
Bogdan Bogdanović,SG,ATL,44,1305,0.522,0.629,0.459,0.464,0.55,0.438,0.411,0.11,0.108,0.122,0.071,0.589
Bojan Bogdanović,SF,UTA,72,2216,0.487,0.635,0.411,0.438,0.133,0.39,0.502,0.181,0.226,0.079,0.016,0.498
Bol Bol,PF,DEN,32,160,0.471,0.9,0.3,0.286,0.286,0.375,0.586,0.172,0.172,0.121,0.121,0.414
Marques Bolden,C,CLE,6,29,0.333,1.0,0.0,0.0,0.0,0.0,1.0,0.333,0.333,0.333,0.0,0.0
Jordan Bone,PG,ORL,14,196,0.591,1.0,1.0,0.0,0.467,0.313,0.407,0.019,0.093,0.019,0.278,0.593
Isaac Bonga,SF,WAS,40,432,0.5,0.692,0.421,0.0,0.0,0.277,0.42,0.16,0.235,0.025,0.0,0.58
Devin Booker,SG,PHO,67,2270,0.543,0.678,0.481,0.542,0.441,0.34,0.712,0.179,0.163,0.231,0.139,0.288
Chris Boucher,C,TOR,60,1453,0.609,0.692,0.465,0.5,0.353,0.383,0.58,0.382,0.154,0.014,0.03,0.42
Brian Bowen,SF,IND,6,15,0.333,0.0,1.0,0.0,0.0,0.0,0.75,0.0,0.25,0.0,0.5,0.25
Avery Bradley,SG,TOT,27,602,0.443,0.741,0.353,0.167,0.2,0.327,0.409,0.158,0.099,0.035,0.117,0.591
Tony Bradley,C,TOT,42,684,0.675,0.741,0.656,0.444,0.222,0.0,0.985,0.569,0.325,0.046,0.046,0.015
Jarrell Brantley,PF,UTA,28,138,0.542,0.818,0.364,0.0,0.0,0.429,0.462,0.212,0.212,0.019,0.019,0.538
Ignas Brazdeikis,SF,TOT,13,249,0.436,0.542,0.421,0.0,0.375,0.393,0.663,0.289,0.229,0.048,0.096,0.337
Mikal Bridges,SF,PHO,72,2348,0.647,0.801,0.5,0.455,0.435,0.425,0.529,0.278,0.135,0.082,0.034,0.471
Miles Bridges,PF,CHO,66,1932,0.593,0.729,0.42,0.167,0.227,0.4,0.534,0.338,0.141,0.019,0.035,0.466
Amida Brimah,C,IND,5,29,0.625,0.8,0.333,0.0,0.0,0.0,1.0,0.625,0.375,0.0,0.0,0.0
Oshae Brissett,SF,IND,21,519,0.548,0.735,0.158,0.333,0.0,0.423,0.483,0.325,0.126,0.02,0.013,0.517
Malcolm Brogdon,PG,IND,56,1930,0.493,0.554,0.404,0.443,0.452,0.388,0.618,0.309,0.111,0.081,0.117,0.382
Armoni Brooks,SG,HOU,20,520,0.514,0.579,0.545,0.2,0.0,0.382,0.182,0.099,0.057,0.026,0.0,0.818
Dillon Brooks,SF,MEM,67,1997,0.461,0.606,0.395,0.411,0.462,0.344,0.639,0.155,0.167,0.229,0.088,0.361
Bruce Brown,PG,BRK,65,1451,0.599,0.7,0.479,0.292,0.5,0.288,0.861,0.513,0.286,0.057,0.005,0.139
Charlie Brown,SG,OKC,9,152,0.364,0.6,0.25,0.25,0.4,0.238,0.512,0.116,0.186,0.093,0.116,0.488
Jaylen Brown,SG,BOS,58,1999,0.536,0.7,0.442,0.484,0.49,0.397,0.63,0.195,0.239,0.11,0.086,0.37
Moses Brown,C,OKC,43,920,0.545,0.628,0.267,0.0,0.0,0.0,1.0,0.772,0.224,0.004,0.0,0.0
Sterling Brown,SG,HOU,51,1229,0.492,0.623,0.364,0.286,0.182,0.423,0.358,0.206,0.099,0.021,0.033,0.642
Troy Brown Jr.,SF,TOT,34,524,0.541,0.8,0.474,0.444,0.333,0.314,0.514,0.174,0.132,0.063,0.146,0.486
Jalen Brunson,PG,DAL,68,1697,0.578,0.799,0.42,0.525,0.551,0.405,0.681,0.214,0.228,0.161,0.078,0.319
Elijah Bryant,SG,MIL,1,32,0.625,0.6,0.5,0.0,1.0,0.2,0.615,0.385,0.154,0.0,0.077,0.385
Thomas Bryant,C,WAS,10,271,0.714,0.912,0.762,0.375,0.0,0.429,0.769,0.374,0.231,0.088,0.077,0.231
Reggie Bullock,SF,NYK,65,1949,0.521,0.633,0.379,0.5,0.51,0.41,0.291,0.087,0.052,0.061,0.091,0.709
Trey Burke,PG,DAL,62,911,0.492,0.518,0.441,0.51,0.48,0.354,0.535,0.159,0.096,0.139,0.142,0.465
Alec Burks,SG,NYK,49,1255,0.425,0.507,0.377,0.422,0.375,0.415,0.508,0.146,0.138,0.128,0.096,0.492
Jimmy Butler,SF,MIA,52,1745,0.538,0.722,0.441,0.426,0.362,0.245,0.861,0.327,0.289,0.166,0.079,0.139
Bruno Caboclo,PF,HOU,6,36,0.667,1.0,0.333,0.0,0.0,0.0,0.706,0.353,0.353,0.0,0.0,0.294
Devontae Cacok,PF,LAL,20,98,0.586,0.706,0.455,0.0,0.0,0.0,1.0,0.586,0.379,0.034,0.0,0.0
Kentavious Caldwell-Pope,SG,LAL,67,1902,0.46,0.602,0.378,0.238,0.327,0.41,0.421,0.204,0.073,0.042,0.103,0.579
Facundo Campazzo,PG,DEN,65,1425,0.444,0.636,0.419,0.235,0.167,0.352,0.314,0.105,0.137,0.054,0.019,0.686
Vlatko Čančar,PF,DEN,41,281,0.615,0.696,0.5,0.333,1.0,0.273,0.542,0.319,0.167,0.042,0.014,0.458
Devin Cannady,PG,ORL,8,74,0.417,0.0,0.0,0.5,0.75,0.375,0.429,0.036,0.107,0.143,0.143,0.571
Clint Capela,C,ATL,63,1898,0.594,0.684,0.385,0.25,0.333,0.0,1.0,0.709,0.269,0.017,0.004,0.0
Vernon Carey Jr.,C,CHO,19,115,0.586,0.692,0.429,0.667,0.5,0.143,0.806,0.361,0.194,0.083,0.167,0.194
Jevon Carter,PG,PHO,60,717,0.528,0.588,0.417,0.563,0.519,0.371,0.323,0.076,0.054,0.072,0.121,0.677
Wendell Carter Jr.,C,TOT,54,1375,0.53,0.689,0.444,0.361,0.324,0.294,0.888,0.4,0.256,0.158,0.074,0.112
Michael Carter-Williams,SG,ORL,31,800,0.431,0.622,0.337,0.25,0.25,0.246,0.774,0.304,0.307,0.104,0.059,0.226
Alex Caruso,PG,LAL,58,1216,0.464,0.653,0.341,0.323,0.222,0.401,0.551,0.246,0.144,0.102,0.059,0.449
Willie Cauley-Stein,C,DAL,53,906,0.667,0.694,0.533,0.375,0.75,0.091,0.94,0.791,0.082,0.044,0.022,0.06
Chris Chiozza,PG,BRK,22,232,0.391,0.529,0.286,0.286,0.375,0.31,0.523,0.193,0.159,0.08,0.091,0.477
Marquese Chriss,PF,GSW,2,27,0.444,0.571,0.0,0.0,0.0,0.2,0.643,0.5,0.143,0.0,0.0,0.357
Gary Clark,SF,TOT,39,654,0.375,0.875,0.182,0.0,0.0,0.287,0.182,0.061,0.083,0.015,0.023,0.818
Brandon Clarke,PF,MEM,59,1415,0.565,0.725,0.428,0.385,0.364,0.26,0.844,0.412,0.279,0.131,0.022,0.156
Jordan Clarkson,SG,UTA,68,1818,0.523,0.67,0.497,0.488,0.111,0.347,0.443,0.09,0.27,0.074,0.008,0.557
Nicolas Claxton,C,BRK,32,594,0.636,0.762,0.353,0.0,0.0,0.2,0.966,0.697,0.234,0.021,0.014,0.034
Amir Coffey,SG,LAC,44,394,0.468,0.682,0.2,0.5,0.25,0.411,0.456,0.214,0.146,0.058,0.039,0.544
John Collins,PF,ATL,63,1848,0.615,0.752,0.459,0.549,0.474,0.399,0.73,0.345,0.204,0.132,0.049,0.27
Mike Conley,PG,UTA,51,1498,0.479,0.557,0.478,0.44,0.385,0.412,0.477,0.109,0.209,0.117,0.041,0.523
Pat Connaughton,SG,MIL,69,1575,0.583,0.709,0.333,0.4,0.143,0.371,0.297,0.204,0.062,0.013,0.018,0.703
Quinn Cook,PG,TOT,23,157,0.429,0.375,0.571,0.5,0.385,0.423,0.618,0.235,0.103,0.088,0.191,0.382
Tyler Cook,SF,TOT,32,438,0.673,0.758,0.529,0.0,0.0,0.5,0.981,0.641,0.33,0.01,0.0,0.019
DeMarcus Cousins,C,TOT,41,713,0.488,0.547,0.404,0.25,0.375,0.348,0.557,0.348,0.17,0.013,0.026,0.443
Robert Covington,PF,POR,70,2243,0.451,0.587,0.211,0.125,0.4,0.379,0.301,0.181,0.075,0.016,0.029,0.699
Torrey Craig,SF,TOT,50,803,0.579,0.783,0.194,0.727,0.2,0.368,0.533,0.304,0.137,0.048,0.044,0.467
Jae Crowder,PF,PHO,60,1648,0.455,0.649,0.417,0.267,0.361,0.389,0.228,0.075,0.049,0.03,0.073,0.772
Jarrett Culver,SG,MIN,34,499,0.487,0.603,0.333,0.5,0.0,0.245,0.685,0.405,0.25,0.012,0.018,0.315
Seth Curry,SG,PHI,57,1638,0.485,0.63,0.426,0.509,0.446,0.45,0.493,0.083,0.111,0.096,0.203,0.507
Stephen Curry,PG,GSW,63,2152,0.569,0.663,0.532,0.549,0.457,0.421,0.413,0.148,0.136,0.06,0.069,0.587
Nate Darling,SG,CHO,7,26,0.0,0.0,0.0,0.0,0.0,0.286,0.0,0.0,0.0,0.0,0.0,1.0
Anthony Davis,PF,LAL,36,1162,0.536,0.785,0.536,0.415,0.33,0.26,0.837,0.243,0.204,0.232,0.158,0.163
Ed Davis,C,MIN,23,299,0.432,0.469,0.333,0.0,0.0,0.0,1.0,0.727,0.273,0.0,0.0,0.0
Terence Davis,SG,TOT,61,1074,0.513,0.636,0.323,0.6,0.4,0.367,0.414,0.235,0.136,0.011,0.033,0.586
Gabriel Deck,PF,OKC,10,212,0.577,0.632,0.5,0.429,0.75,0.133,0.776,0.284,0.269,0.104,0.119,0.224
Dewayne Dedmon,C,MIA,16,210,0.75,0.85,0.533,1.0,0.333,0.2,0.923,0.615,0.231,0.031,0.046,0.077
Matthew Dellavedova,PG,CLE,13,224,0.323,0.222,0.389,0.25,0.0,0.16,0.554,0.161,0.321,0.071,0.0,0.446
DeMar DeRozan,PF,SAS,61,2056,0.515,0.636,0.51,0.459,0.482,0.257,0.92,0.191,0.268,0.282,0.178,0.08
Mamadi Diakite,PF,MIL,14,141,0.469,0.667,0.286,0.2,0.4,0.125,0.8,0.375,0.175,0.125,0.125,0.2
Hamidou Diallo,SG,TOT,52,1226,0.505,0.682,0.395,0.244,0.39,0.341,0.826,0.368,0.274,0.096,0.087,0.174
Gorgui Dieng,C,TOT,38,552,0.591,0.78,0.435,0.524,0.25,0.429,0.571,0.252,0.141,0.129,0.049,0.429
Spencer Dinwiddie,SG,BRK,3,64,0.444,0.6,0.25,0.0,0.0,0.286,0.563,0.313,0.25,0.0,0.0,0.438
Donte DiVincenzo,SG,MIL,66,1814,0.475,0.574,0.34,0.281,0.35,0.379,0.426,0.257,0.083,0.053,0.033,0.574
Luka Dončić,PG,DAL,66,2262,0.567,0.708,0.507,0.512,0.481,0.35,0.594,0.18,0.201,0.153,0.06,0.406
Luguentz Dort,SG,OKC,52,1543,0.432,0.564,0.296,0.391,0.308,0.343,0.485,0.233,0.196,0.036,0.02,0.515
Damyean Dotson,SG,CLE,46,907,0.545,0.667,0.591,0.333,0.475,0.289,0.457,0.174,0.075,0.072,0.137,0.543
Devon Dotson,PG,CHI,11,50,0.714,0.889,0.5,0.0,0.5,0.143,0.667,0.429,0.095,0.048,0.095,0.333
Sekou Doumbouya,PF,DET,56,869,0.485,0.642,0.277,0.0,0.0,0.226,0.592,0.376,0.167,0.039,0.011,0.408
PJ Dozier,SG,DEN,50,1088,0.49,0.682,0.364,0.259,0.429,0.315,0.58,0.239,0.186,0.076,0.079,0.42
Goran Dragić,PG,MIA,50,1337,0.479,0.588,0.396,0.456,0.37,0.373,0.56,0.205,0.164,0.142,0.049,0.44
Andre Drummond,C,TOT,46,1242,0.5,0.576,0.409,0.2,0.0,0.0,0.986,0.589,0.364,0.026,0.007,0.014
Jared Dudley,PF,LAL,12,81,0.0,0.0,0.0,0.0,0.0,0.333,0.333,0.0,0.111,0.111,0.111,0.667
Kris Dunn,PG,ATL,4,45,0.1,0.5,0.0,0.0,0.0,0.0,0.833,0.167,0.333,0.25,0.083,0.167
Kevin Durant,PF,BRK,35,1157,0.577,0.833,0.473,0.536,0.487,0.45,0.687,0.149,0.154,0.254,0.129,0.313
Anthony Edwards,SG,MIN,72,2314,0.483,0.647,0.318,0.246,0.276,0.329,0.571,0.306,0.145,0.047,0.072,0.429
Carsen Edwards,SG,BOS,31,276,0.604,0.792,0.375,0.5,0.429,0.286,0.432,0.216,0.072,0.018,0.126,0.568
CJ Elleby,SF,POR,30,192,0.563,0.75,0.0,0.6,0.6,0.206,0.485,0.242,0.091,0.076,0.076,0.515
Henry Ellenson,PF,TOR,2,38,0.6,0.6,0.0,0.0,0.0,0.222,0.357,0.357,0.0,0.0,0.0,0.643
Wayne Ellington,SG,DET,46,1012,0.524,0.6,0.636,0.417,0.4,0.422,0.186,0.074,0.033,0.036,0.044,0.814
Joel Embiid,C,PHI,51,1585,0.541,0.736,0.441,0.48,0.504,0.377,0.829,0.219,0.227,0.246,0.137,0.171
James Ennis,SF,ORL,41,986,0.504,0.639,0.352,0.5,0.5,0.433,0.572,0.251,0.222,0.066,0.033,0.428
Drew Eubanks,C,SAS,54,755,0.562,0.667,0.408,0.429,0.667,1.0,0.99,0.527,0.371,0.034,0.059,0.01
Dante Exum,SG,CLE,6,116,0.533,0.857,0.333,0.0,0.0,0.182,0.577,0.269,0.231,0.077,0.0,0.423
Tacko Fall,C,BOS,19,136,0.724,0.722,0.7,0.0,1.0,0.0,1.0,0.621,0.345,0.0,0.034,0.0
Derrick Favors,C,UTA,68,1039,0.643,0.729,0.619,0.469,0.308,0.0,0.992,0.547,0.259,0.132,0.053,0.008
Cristiano Felício,C,CHI,18,84,0.636,0.778,0.0,0.0,0.0,0.0,0.846,0.692,0.077,0.0,0.077,0.154
Terrance Ferguson,SG,PHI,13,49,0.5,1.0,0.0,0.0,0.0,0.0,0.286,0.143,0.0,0.0,0.143,0.714
Bruno Fernando,C,ATL,33,226,0.429,0.586,0.0,0.333,0.0,0.0,0.955,0.659,0.182,0.068,0.045,0.045
Yogi Ferrell,PG,TOT,10,136,0.379,0.5,0.4,0.385,0.2,0.321,0.509,0.105,0.088,0.228,0.088,0.491
Dorian Finney-Smith,PF,DAL,60,1921,0.616,0.752,0.375,0.5,0.111,0.394,0.352,0.234,0.086,0.013,0.019,0.648
Malik Fitts,PF,LAC,3,11,0.0,0.0,0.0,0.0,0.0,0.5,0.333,0.333,0.0,0.0,0.0,0.667
Malachi Flynn,PG,TOR,47,928,0.424,0.605,0.407,0.405,0.242,0.321,0.506,0.126,0.174,0.109,0.097,0.494
Bryn Forbes,SG,MIL,70,1354,0.511,0.542,0.39,0.604,0.507,0.452,0.355,0.045,0.078,0.091,0.142,0.645
Trent Forrest,PG,UTA,30,302,0.6,0.533,0.524,0.875,1.0,0.192,0.634,0.211,0.296,0.113,0.014,0.366
Evan Fournier,SG,TOT,42,1259,0.504,0.595,0.5,0.46,0.42,0.413,0.477,0.137,0.155,0.092,0.092,0.523
De'Aaron Fox,PG,SAC,58,2036,0.539,0.761,0.426,0.482,0.362,0.322,0.712,0.233,0.232,0.151,0.095,0.288
Robert Franks,PF,ORL,7,101,0.615,1.0,0.5,0.0,0.0,0.333,0.464,0.214,0.143,0.036,0.071,0.536
Tim Frazier,PG,MEM,5,62,0.25,1.0,0.0,0.2,0.0,0.0,0.6,0.1,0.15,0.25,0.1,0.4
Markelle Fultz,PG,ORL,8,215,0.42,0.706,0.447,0.286,0.211,0.25,0.846,0.163,0.365,0.135,0.183,0.154
Wenyen Gabriel,PF,NOP,21,241,0.393,0.429,0.2,0.5,0.0,0.406,0.467,0.35,0.083,0.033,0.0,0.533
Daniel Gafford,PF,TOT,54,791,0.684,0.791,0.57,0.333,0.25,0.0,1.0,0.573,0.382,0.027,0.018,0.0
Danilo Gallinari,PF,ATL,51,1222,0.466,0.65,0.405,0.472,0.388,0.406,0.465,0.084,0.088,0.152,0.141,0.535
Langston Galloway,SG,PHO,40,438,0.484,0.5,0.5,0.524,0.412,0.424,0.422,0.054,0.109,0.143,0.116,0.578
Darius Garland,PG,CLE,54,1790,0.479,0.586,0.444,0.393,0.35,0.395,0.668,0.238,0.269,0.111,0.05,0.332
Marc Gasol,C,LAL,52,993,0.528,0.778,0.5,0.391,0.4,0.41,0.371,0.093,0.134,0.119,0.026,0.629
Rudy Gay,PF,SAS,63,1358,0.451,0.605,0.448,0.407,0.367,0.381,0.557,0.121,0.139,0.172,0.126,0.443
Paul George,SF,LAC,54,1821,0.51,0.636,0.403,0.444,0.509,0.411,0.563,0.185,0.146,0.113,0.12,0.437
Taj Gibson,PF,NYK,45,936,0.671,0.789,0.414,0.538,0.333,0.2,0.905,0.601,0.184,0.082,0.038,0.095
Harry Giles,C,POR,38,348,0.459,0.605,0.333,0.0,0.556,0.348,0.763,0.392,0.186,0.093,0.093,0.237
Shai Gilgeous-Alexander,SG,OKC,35,1180,0.547,0.633,0.528,0.382,0.36,0.418,0.699,0.333,0.225,0.097,0.044,0.301
Anthony Gill,PF,WAS,26,218,0.639,0.813,0.526,0.0,0.0,0.292,0.6,0.267,0.317,0.0,0.017,0.4
Freddie Gillespie,PF,TOR,20,392,0.524,0.675,0.412,0.3,0.0,0.0,1.0,0.476,0.405,0.119,0.0,0.0
Rudy Gobert,C,UTA,71,2187,0.68,0.798,0.281,0.0,0.2,0.0,0.993,0.77,0.209,0.005,0.009,0.007
Brandon Goodwin,PG,ATL,47,620,0.433,0.481,0.4,0.455,0.273,0.311,0.538,0.233,0.157,0.099,0.049,0.462
Aaron Gordon,PF,TOT,50,1384,0.533,0.709,0.398,0.439,0.303,0.335,0.647,0.283,0.166,0.132,0.066,0.353
Eric Gordon,SG,HOU,27,789,0.573,0.747,0.357,0.25,0.0,0.329,0.428,0.248,0.153,0.022,0.005,0.572
Devonte' Graham,PG,CHO,55,1659,0.38,0.44,0.286,0.354,0.407,0.375,0.287,0.075,0.052,0.072,0.088,0.713
Jerami Grant,SF,DET,54,1829,0.473,0.668,0.386,0.366,0.383,0.35,0.647,0.207,0.197,0.1,0.143,0.353
Danny Green,SF,PHI,69,1934,0.438,0.5,0.333,0.565,0.389,0.405,0.206,0.059,0.072,0.042,0.033,0.794
Draymond Green,PF,GSW,63,1982,0.535,0.667,0.458,0.211,0.3,0.27,0.668,0.347,0.218,0.05,0.053,0.332
JaMychal Green,PF,DEN,58,1120,0.534,0.688,0.407,0.2,0.286,0.399,0.471,0.249,0.158,0.027,0.037,0.529
Javonte Green,SG,TOT,41,473,0.597,0.733,0.368,0.375,0.0,0.333,0.706,0.441,0.186,0.078,0.0,0.294
Jeff Green,C,BRK,68,1835,0.564,0.725,0.329,0.526,0.286,0.412,0.528,0.281,0.149,0.072,0.026,0.472
Josh Green,SG,DAL,39,445,0.559,0.667,0.375,0.6,0.375,0.16,0.731,0.419,0.172,0.054,0.086,0.269
Blake Griffin,PF,TOT,46,1186,0.505,0.633,0.431,0.167,0.154,0.341,0.501,0.265,0.175,0.029,0.032,0.499
Kyle Guy,PG,SAC,31,235,0.381,0.5,0.176,0.5,0.6,0.283,0.477,0.159,0.193,0.068,0.057,0.523
Rui Hachimura,PF,WAS,57,1797,0.519,0.748,0.442,0.43,0.412,0.328,0.789,0.221,0.238,0.154,0.176,0.211
Ashton Hagans,PG,MIN,2,4,0.0,0.0,0.0,0.0,0.0,0.0,0.0,0.0,0.0,0.0,0.0,0.0
Tyrese Haliburton,PG,SAC,58,1746,0.529,0.674,0.514,0.436,0.463,0.409,0.522,0.139,0.17,0.126,0.087,0.478
Donta Hall,PF,ORL,13,179,0.714,0.833,0.375,1.0,0.0,0.0,1.0,0.686,0.229,0.057,0.029,0.0
Josh Hall,SF,OKC,21,336,0.419,0.6,0.333,0.455,0.333,0.108,0.626,0.152,0.333,0.111,0.03,0.374
R.J. Hampton,SG,TOT,51,888,0.482,0.662,0.376,0.378,0.444,0.31,0.722,0.246,0.272,0.118,0.086,0.278
Tim Hardaway Jr.,SG,DAL,70,1985,0.524,0.715,0.4,0.426,0.4,0.391,0.419,0.158,0.099,0.075,0.088,0.581
James Harden,PG,TOT,44,1609,0.553,0.674,0.455,0.448,0.571,0.362,0.545,0.238,0.257,0.04,0.01,0.455
Maurice Harkless,PF,TOT,37,772,0.568,0.66,0.333,0.5,0.5,0.274,0.491,0.321,0.109,0.012,0.048,0.509
Jared Harper,PG,NYK,8,16,0.0,0.0,0.0,0.0,0.0,0.0,0.75,0.0,0.5,0.25,0.0,0.25
Montrezl Harrell,C,LAL,69,1580,0.632,0.75,0.506,0.435,0.25,0.0,0.983,0.577,0.259,0.114,0.033,0.017
Gary Harris,SG,TOT,39,1080,0.441,0.605,0.318,0.391,0.324,0.34,0.591,0.235,0.191,0.067,0.099,0.409
Jalen Harris,SG,TOR,13,172,0.528,0.706,0.357,0.0,0.4,0.472,0.5,0.236,0.194,0.0,0.069,0.5
Joe Harris,SF,BRK,69,2141,0.555,0.661,0.426,0.54,0.421,0.475,0.372,0.171,0.076,0.071,0.054,0.628
Tobias Harris,PF,PHI,62,2014,0.546,0.709,0.474,0.511,0.462,0.394,0.775,0.22,0.313,0.144,0.098,0.225
Shaquille Harrison,SG,TOT,34,333,0.371,0.567,0.087,0.25,0.6,0.188,0.795,0.385,0.295,0.051,0.064,0.205
Josh Hart,SF,NOP,47,1349,0.583,0.654,0.381,0.556,0.412,0.326,0.439,0.302,0.061,0.026,0.049,0.561
Isaiah Hartenstein,C,TOT,46,559,0.558,0.63,0.508,0.167,0.0,0.333,0.965,0.538,0.38,0.035,0.012,0.035
Udonis Haslem,C,MIA,1,3,1.0,1.0,0.0,1.0,0.0,0.0,1.0,0.5,0.0,0.5,0.0,0.0
Jaxson Hayes,C,NOP,60,964,0.635,0.724,0.492,0.214,0.5,0.429,0.95,0.646,0.232,0.05,0.021,0.05
Killian Hayes,PG,DET,26,670,0.395,0.444,0.408,0.414,0.182,0.278,0.642,0.09,0.353,0.144,0.055,0.358
Gordon Hayward,SF,CHO,44,1496,0.499,0.671,0.392,0.453,0.429,0.415,0.688,0.213,0.198,0.161,0.117,0.312
Juan Hernangómez,PF,MIN,52,900,0.573,0.69,0.207,0.0,0.0,0.327,0.438,0.334,0.097,0.007,0.0,0.562
Willy Hernangómez,C,NOP,47,846,0.581,0.634,0.5,0.412,0.333,0.1,0.963,0.642,0.246,0.063,0.011,0.037
Tyler Herro,SG,MIA,54,1635,0.498,0.667,0.455,0.408,0.42,0.36,0.575,0.163,0.16,0.109,0.143,0.425
Buddy Hield,SG,SAC,71,2433,0.446,0.64,0.267,0.444,0.355,0.391,0.273,0.087,0.06,0.064,0.063,0.727
George Hill,PG,TOT,30,672,0.547,0.647,0.483,0.455,0.467,0.388,0.594,0.259,0.147,0.112,0.076,0.406
Solomon Hill,PF,ATL,71,1513,0.453,0.571,0.333,0.2,0.25,0.321,0.289,0.164,0.081,0.017,0.027,0.711
Nate Hinton,SG,DAL,21,93,0.478,0.5,0.2,0.667,0.556,0.211,0.548,0.143,0.119,0.071,0.214,0.452
Jaylen Hoard,SF,OKC,19,320,0.571,0.698,0.25,0.333,1.0,0.0,0.875,0.602,0.227,0.034,0.011,0.125
Aaron Holiday,PG,IND,66,1176,0.406,0.481,0.316,0.333,0.545,0.368,0.583,0.239,0.218,0.076,0.05,0.417
Jrue Holiday,PG,MIL,59,1907,0.561,0.704,0.433,0.528,0.404,0.392,0.656,0.279,0.199,0.108,0.069,0.344
Justin Holiday,SG,IND,72,2183,0.494,0.612,0.19,0.118,0.516,0.382,0.275,0.165,0.034,0.027,0.05,0.725
Rondae Hollis-Jefferson,PF,POR,11,107,0.529,0.5,0.5,1.0,0.0,0.0,0.944,0.556,0.333,0.056,0.0,0.056
Richaun Holmes,C,SAC,61,1782,0.645,0.747,0.552,0.622,0.4,0.182,0.981,0.405,0.283,0.257,0.035,0.019
Rodney Hood,SF,TOT,55,942,0.408,0.583,0.286,0.42,0.419,0.301,0.565,0.092,0.162,0.192,0.119,0.435
Al Horford,C,OKC,28,782,0.51,0.672,0.444,0.444,0.433,0.368,0.578,0.169,0.225,0.1,0.083,0.422
Talen Horton-Tucker,SG,LAL,65,1304,0.522,0.639,0.359,0.486,0.222,0.282,0.732,0.413,0.211,0.072,0.037,0.268
Danuel House,SF,HOU,36,932,0.483,0.557,0.464,0.3,0.353,0.346,0.426,0.224,0.103,0.037,0.063,0.574
Dwight Howard,C,PHI,69,1196,0.611,0.665,0.476,0.286,0.6,0.25,0.934,0.67,0.208,0.023,0.033,0.066
Markus Howard,SG,DEN,37,205,0.537,0.615,0.444,0.6,0.444,0.277,0.387,0.123,0.085,0.094,0.085,0.613
Kevin Huerter,SG,ATL,69,2126,0.51,0.625,0.418,0.563,0.375,0.363,0.472,0.12,0.167,0.141,0.044,0.528
Elijah Hughes,SF,UTA,18,64,0.286,0.0,0.0,0.5,0.5,0.348,0.233,0.033,0.067,0.067,0.067,0.767
De'Andre Hunter,SF,ATL,23,678,0.582,0.661,0.563,0.474,0.593,0.326,0.617,0.226,0.129,0.153,0.109,0.383
Chandler Hutchison,SF,TOT,25,346,0.383,0.346,0.422,0.286,0.333,0.364,0.786,0.252,0.437,0.068,0.029,0.214
Serge Ibaka,C,LAC,41,955,0.588,0.753,0.469,0.484,0.594,0.339,0.685,0.244,0.268,0.085,0.088,0.315
Andre Iguodala,SF,MIA,63,1339,0.53,0.649,0.5,0.25,0.333,0.33,0.266,0.149,0.048,0.032,0.036,0.734
Ersan İlyasova,PF,UTA,17,148,0.231,0.4,0.0,0.0,0.25,0.439,0.241,0.093,0.019,0.056,0.074,0.759
Joe Ingles,SF,UTA,67,1867,0.59,0.729,0.506,0.571,0.333,0.451,0.278,0.105,0.137,0.025,0.011,0.722
Brandon Ingram,SF,NOP,61,2093,0.51,0.677,0.417,0.449,0.51,0.381,0.659,0.144,0.115,0.224,0.176,0.341
Kyrie Irving,PG,BRK,54,1886,0.561,0.623,0.535,0.52,0.555,0.402,0.652,0.195,0.196,0.159,0.101,0.348
Wesley Iwundu,SF,TOT,41,539,0.475,0.579,0.278,0.5,0.333,0.122,0.598,0.373,0.176,0.02,0.029,0.402
Frank Jackson,PG,DET,40,738,0.51,0.59,0.541,0.406,0.364,0.407,0.488,0.133,0.208,0.109,0.038,0.512
Jaren Jackson Jr.,C,MEM,11,258,0.554,0.708,0.486,0.4,0.0,0.283,0.52,0.192,0.28,0.04,0.008,0.48
Josh Jackson,SG,DET,62,1560,0.487,0.619,0.385,0.333,0.45,0.3,0.636,0.267,0.221,0.064,0.085,0.364
Justin Jackson,SF,TOT,34,577,0.51,0.7,0.468,0.333,0.5,0.308,0.471,0.136,0.213,0.095,0.027,0.529
Reggie Jackson,SG,LAC,67,1544,0.465,0.609,0.361,0.345,0.488,0.433,0.518,0.188,0.166,0.094,0.07,0.482
Justin James,SF,SAC,36,310,0.521,0.682,0.424,0.667,0.167,0.368,0.658,0.198,0.297,0.108,0.054,0.342
LeBron James,PG,LAL,45,1504,0.591,0.782,0.474,0.384,0.366,0.365,0.654,0.318,0.118,0.104,0.113,0.346
Mike James,PG,BRK,13,236,0.377,0.167,0.48,0.357,0.4,0.355,0.663,0.13,0.272,0.152,0.109,0.337
DaQuan Jeffries,SG,TOT,31,493,0.566,0.792,0.35,0.0,0.667,0.299,0.442,0.2,0.167,0.025,0.05,0.558
Ty Jerome,SG,OKC,33,788,0.479,0.647,0.508,0.48,0.083,0.423,0.415,0.059,0.226,0.087,0.042,0.585
Isaiah Joe,SG,PHI,41,383,0.333,0.25,0.167,0.429,0.4,0.368,0.203,0.03,0.045,0.053,0.075,0.797
Alize Johnson,PF,BRK,18,189,0.629,0.815,0.429,0.714,0.0,0.167,0.912,0.397,0.412,0.103,0.0,0.088
Cameron Johnson,PF,PHO,60,1437,0.581,0.754,0.5,0.346,0.429,0.349,0.306,0.143,0.066,0.054,0.043,0.694
James Johnson,PF,TOT,51,1043,0.556,0.672,0.403,0.313,0.6,0.258,0.633,0.364,0.205,0.049,0.015,0.367
Keldon Johnson,SF,SAS,69,1968,0.531,0.652,0.374,0.5,0.429,0.331,0.743,0.391,0.277,0.045,0.03,0.257
Stanley Johnson,PF,TOR,61,1006,0.458,0.489,0.486,0.4,0.0,0.328,0.412,0.193,0.159,0.043,0.017,0.588
Tyler Johnson,SG,BRK,39,684,0.471,0.6,0.4,0.417,0.429,0.364,0.279,0.082,0.055,0.066,0.077,0.721
Nikola Jokić,C,DEN,72,2488,0.606,0.753,0.572,0.481,0.528,0.388,0.817,0.244,0.35,0.14,0.082,0.183
Damian Jones,C,TOT,39,547,0.704,0.769,0.632,0.667,0.2,0.2,0.951,0.631,0.184,0.087,0.049,0.049
Derrick Jones Jr.,SF,POR,58,1318,0.619,0.662,0.375,1.0,0.0,0.316,0.553,0.467,0.079,0.003,0.003,0.447
Mason Jones,SG,TOT,32,334,0.491,0.619,0.4,0.571,0.333,0.364,0.463,0.171,0.163,0.057,0.073,0.537
Tre Jones,PG,SAS,37,269,0.466,0.742,0.231,0.333,0.0,0.6,0.936,0.397,0.333,0.192,0.013,0.064
Tyus Jones,PG,MEM,70,1222,0.487,0.527,0.484,0.5,0.316,0.321,0.661,0.133,0.225,0.257,0.046,0.339
DeAndre Jordan,C,BRK,57,1246,0.766,0.826,0.37,0.0,0.0,0.0,0.996,0.876,0.108,0.004,0.008,0.004
Cory Joseph,PG,TOT,63,1446,0.527,0.753,0.463,0.328,0.469,0.341,0.69,0.218,0.254,0.143,0.075,0.31
Mfiondu Kabengele,PF,TOT,39,280,0.513,0.667,0.375,0.2,0.0,0.26,0.438,0.27,0.09,0.056,0.022,0.562
Frank Kaminsky,C,PHO,47,715,0.523,0.676,0.451,0.444,0.167,0.365,0.669,0.276,0.276,0.07,0.047,0.331
Enes Kanter,C,POR,72,1758,0.607,0.695,0.416,0.222,0.25,0.25,0.993,0.695,0.275,0.016,0.007,0.007
Luke Kennard,SG,LAC,63,1232,0.511,0.757,0.462,0.475,0.418,0.446,0.459,0.089,0.094,0.143,0.133,0.541
Louis King,SF,SAC,6,85,0.565,0.857,0.625,0.25,0.0,0.364,0.676,0.206,0.235,0.235,0.0,0.324
Maxi Kleber,PF,DAL,50,1341,0.46,0.643,0.154,0.467,0.286,0.41,0.229,0.102,0.047,0.055,0.025,0.771
Nathan Knight,PF,ATL,33,279,0.463,0.561,0.381,0.0,0.0,0.182,0.67,0.41,0.21,0.04,0.01,0.33
Kevin Knox,SF,NYK,42,464,0.389,0.583,0.231,0.2,0.25,0.393,0.378,0.168,0.091,0.035,0.084,0.622
John Konchar,SG,MEM,43,575,0.585,0.745,0.36,0.25,1.0,0.375,0.594,0.341,0.181,0.058,0.014,0.406
Furkan Korkmaz,SG,PHI,55,1062,0.445,0.655,0.289,0.333,0.344,0.375,0.366,0.137,0.09,0.064,0.075,0.634
Luke Kornet,C,TOT,31,348,0.69,0.767,0.5,0.0,1.0,0.254,0.416,0.297,0.099,0.01,0.01,0.584
Rodions Kurucs,SF,TOT,21,125,0.455,0.625,0.0,0.0,0.0,0.286,0.344,0.25,0.031,0.031,0.031,0.656
Kyle Kuzma,SF,LAL,68,1954,0.525,0.687,0.394,0.292,0.415,0.361,0.498,0.24,0.124,0.063,0.07,0.502
Anthony Lamb,SF,HOU,24,415,0.489,0.586,0.333,0.0,0.0,0.324,0.398,0.246,0.153,0.0,0.0,0.602
Jeremy Lamb,SG,IND,36,765,0.459,0.58,0.364,0.488,0.231,0.406,0.536,0.181,0.159,0.149,0.047,0.464
Romeo Langford,SG,BOS,18,283,0.39,0.65,0.273,0.0,0.0,0.278,0.695,0.339,0.186,0.102,0.068,0.305
Zach LaVine,SG,CHI,58,2034,0.571,0.693,0.362,0.478,0.46,0.419,0.575,0.31,0.093,0.061,0.11,0.425
Jake Layman,SF,MIN,45,627,0.642,0.75,0.348,0.333,0.5,0.295,0.576,0.413,0.125,0.016,0.022,0.424
T.J. Leaf,PF,POR,7,35,0.5,0.571,0.5,0.0,0.0,0.0,1.0,0.7,0.2,0.1,0.0,0.0
Jalen Lecque,PG,IND,4,12,0.125,0.25,0.0,0.0,0.0,0.0,0.889,0.444,0.111,0.111,0.222,0.111
Damion Lee,SG,GSW,57,1079,0.638,0.773,0.68,0.52,0.5,0.397,0.292,0.08,0.091,0.091,0.029,0.708
Saben Lee,PG,DET,48,781,0.487,0.617,0.378,0.462,0.333,0.348,0.89,0.386,0.429,0.062,0.014,0.11
Alex Len,C,TOT,64,979,0.644,0.792,0.55,0.154,0.0,0.32,0.91,0.432,0.432,0.047,0.0,0.09
Kawhi Leonard,SF,LAC,52,1773,0.557,0.775,0.52,0.467,0.445,0.398,0.72,0.186,0.188,0.215,0.131,0.28
Meyers Leonard,C,MIA,3,29,0.0,0.0,0.0,0.0,0.0,0.429,0.0,0.0,0.0,0.0,0.0,1.0
Caris LeVert,SG,TOT,47,1486,0.495,0.659,0.345,0.513,0.346,0.326,0.683,0.224,0.206,0.189,0.064,0.317
Kira Lewis Jr.,PG,NOP,54,904,0.415,0.611,0.318,0.2,0.167,0.333,0.644,0.267,0.252,0.089,0.036,0.356
Damian Lillard,PG,POR,67,2398,0.519,0.631,0.359,0.441,0.437,0.391,0.472,0.238,0.096,0.044,0.094,0.528
Nassir Little,PF,POR,48,640,0.575,0.689,0.526,0.444,0.357,0.35,0.521,0.269,0.114,0.054,0.084,0.479
Kevon Looney,C,GSW,61,1161,0.578,0.722,0.364,0.353,0.364,0.235,0.914,0.548,0.223,0.086,0.056,0.086
Brook Lopez,C,MIL,70,1902,0.632,0.774,0.511,0.488,0.533,0.338,0.561,0.263,0.211,0.064,0.023,0.439
Robin Lopez,C,WAS,71,1354,0.649,0.696,0.648,0.333,0.0,0.278,0.958,0.318,0.595,0.042,0.0,0.042
Didi Louzada,SF,NOP,3,56,0.2,0.5,0.0,0.0,0.0,0.25,0.385,0.154,0.154,0.077,0.0,0.615
Kevin Love,PF,CLE,25,622,0.479,0.621,0.484,0.4,0.313,0.365,0.381,0.115,0.123,0.079,0.063,0.619
Kyle Lowry,PG,TOR,46,1601,0.487,0.685,0.364,0.409,0.4,0.396,0.445,0.149,0.129,0.074,0.092,0.555
Timothé Luwawu-Cabarrot,SF,BRK,58,1050,0.47,0.568,0.318,0.1,0.455,0.314,0.329,0.208,0.062,0.028,0.031,0.671
Trey Lyles,PF,SAS,23,358,0.58,0.75,0.556,0.3,0.0,0.35,0.556,0.311,0.1,0.111,0.033,0.444
Will Magnay,C,NOP,1,3,0.0,0.0,0.0,0.0,0.0,0.0,0.0,0.0,0.0,0.0,0.0,1.0
Thon Maker,C,CLE,8,76,0.625,0.714,0.667,0.0,1.0,0.0,0.889,0.389,0.333,0.111,0.056,0.111
Théo Maledon,PG,OKC,65,1778,0.402,0.419,0.376,0.424,0.379,0.335,0.49,0.171,0.164,0.107,0.047,0.51
Karim Mané,PG,ORL,10,88,0.182,0.4,0.0,0.0,0.0,0.5,0.846,0.385,0.385,0.077,0.0,0.154
Terance Mann,SG,LAC,67,1263,0.541,0.708,0.397,0.342,0.333,0.418,0.74,0.371,0.209,0.109,0.051,0.26
Nico Mannion,PG,GSW,30,364,0.315,0.769,0.286,0.091,0.0,0.367,0.474,0.114,0.184,0.096,0.079,0.526
Boban Marjanović,C,DAL,33,271,0.535,0.741,0.349,0.333,0.4,0.125,0.934,0.443,0.352,0.098,0.041,0.066
Lauri Markkanen,PF,CHI,51,1317,0.582,0.672,0.553,0.235,0.143,0.402,0.432,0.24,0.146,0.033,0.013,0.568
Naji Marshall,SF,NOP,32,700,0.421,0.552,0.294,0.333,0.0,0.349,0.603,0.321,0.163,0.086,0.033,0.397
Caleb Martin,SF,CHO,53,818,0.496,0.575,0.375,0.333,0.419,0.248,0.512,0.285,0.094,0.012,0.121,0.488
Cody Martin,SF,CHO,52,849,0.515,0.561,0.636,0.214,0.333,0.276,0.691,0.436,0.117,0.074,0.064,0.309
Jeremiah Martin,PG,CLE,9,75,0.286,0.444,0.0,0.0,0.667,0.25,0.636,0.273,0.242,0.03,0.091,0.364
Kelan Martin,SF,IND,35,322,0.487,0.564,0.368,0.111,0.727,0.4,0.565,0.283,0.138,0.065,0.08,0.435
Kenyon Martin Jr.,SF,HOU,45,1068,0.572,0.711,0.294,0.25,0.0,0.365,0.698,0.469,0.214,0.013,0.003,0.302
Frank Mason III,PG,ORL,4,79,0.368,0.417,0.333,0.0,0.0,0.4,0.792,0.5,0.25,0.0,0.042,0.208
Garrison Mathews,SG,WAS,64,1038,0.538,0.9,0.308,0.4,0.545,0.384,0.165,0.042,0.055,0.021,0.046,0.835
Dakota Mathias,SG,PHI,8,123,0.5,0.5,0.5,0.6,0.462,0.308,0.458,0.042,0.042,0.104,0.271,0.542
Wesley Matthews,SG,LAL,58,1130,0.418,0.68,0.214,0.286,0.111,0.335,0.218,0.099,0.056,0.028,0.036,0.782
Tyrese Maxey,SG,PHI,61,935,0.512,0.591,0.46,0.582,0.375,0.301,0.76,0.268,0.233,0.128,0.131,0.24
Skylar Mays,SG,ATL,33,269,0.517,0.55,0.5,0.4,0.429,0.35,0.592,0.408,0.061,0.051,0.071,0.408
Patrick McCaw,SF,TOR,5,33,1.0,1.0,0.0,0.0,0.0,0.0,1.0,1.0,0.0,0.0,0.0,0.0
CJ McCollum,SG,POR,47,1600,0.509,0.596,0.455,0.5,0.509,0.402,0.525,0.106,0.152,0.14,0.127,0.475
T.J. McConnell,PG,IND,69,1796,0.586,0.654,0.545,0.554,0.524,0.313,0.902,0.331,0.341,0.188,0.043,0.098
Jaden McDaniels,PF,MIN,63,1511,0.544,0.69,0.412,0.5,0.25,0.364,0.46,0.229,0.139,0.049,0.044,0.54
Jalen McDaniels,SF,CHO,47,904,0.547,0.688,0.382,0.333,0.667,0.333,0.63,0.338,0.239,0.042,0.011,0.37
Doug McDermott,PF,IND,66,1619,0.641,0.716,0.5,0.417,0.222,0.388,0.57,0.397,0.141,0.018,0.014,0.43
Sean McDermott,SF,MEM,18,158,0.727,0.75,1.0,0.5,0.0,0.227,0.333,0.242,0.03,0.061,0.0,0.667
JaVale McGee,C,TOT,46,678,0.539,0.689,0.43,0.292,0.4,0.208,0.915,0.433,0.379,0.085,0.018,0.085
Rodney McGruder,SG,DET,16,194,0.565,0.722,0.55,0.167,0.5,0.458,0.657,0.257,0.286,0.086,0.029,0.343
Alfonzo McKinnie,SF,LAL,39,258,0.593,0.7,0.429,0.5,0.5,0.41,0.581,0.323,0.151,0.043,0.065,0.419
Jordan McLaughlin,PG,MIN,51,938,0.447,0.518,0.333,0.556,0.0,0.359,0.62,0.351,0.223,0.037,0.008,0.38
Ben McLemore,SG,TOT,53,905,0.447,0.639,0.333,0.25,0.308,0.346,0.233,0.099,0.041,0.022,0.071,0.767
Nicolò Melli,PF,TOT,45,566,0.411,0.476,0.214,0.545,0.4,0.271,0.397,0.149,0.099,0.078,0.071,0.603
De'Anthony Melton,PG,MEM,52,1045,0.467,0.609,0.295,0.561,0.313,0.412,0.463,0.163,0.155,0.104,0.041,0.537
Sam Merrill,SG,MIL,30,233,0.44,0.5,0.0,0.75,0.6,0.447,0.347,0.139,0.083,0.056,0.069,0.653
Chimezie Metu,C,SAC,36,488,0.549,0.789,0.368,0.333,0.5,0.351,0.793,0.318,0.212,0.151,0.112,0.207
Khris Middleton,SF,MIL,68,2269,0.508,0.652,0.49,0.464,0.444,0.414,0.66,0.15,0.146,0.196,0.168,0.34
Darius Miller,SF,OKC,18,197,0.833,0.0,0.0,1.0,1.0,0.405,0.125,0.0,0.021,0.042,0.063,0.875
Patty Mills,PG,SAS,68,1685,0.5,0.574,0.457,0.353,0.484,0.375,0.298,0.111,0.057,0.028,0.101,0.702
Paul Millsap,PF,DEN,56,1162,0.55,0.694,0.5,0.375,0.0,0.343,0.643,0.244,0.309,0.08,0.01,0.357
Shake Milton,SG,PHI,63,1461,0.494,0.62,0.42,0.479,0.437,0.35,0.696,0.193,0.214,0.181,0.106,0.304
Donovan Mitchell,PG,UTA,53,1771,0.476,0.608,0.418,0.451,0.424,0.386,0.577,0.157,0.219,0.093,0.108,0.423
Adam Mokoka,SG,CHI,14,56,0.667,0.75,0.0,0.0,0.0,0.1,0.474,0.421,0.053,0.0,0.0,0.526
Malik Monk,SG,CHO,42,878,0.471,0.582,0.4,0.231,0.45,0.401,0.469,0.228,0.125,0.065,0.05,0.531
E'Twaun Moore,SG,PHO,27,389,0.512,0.381,0.474,0.75,0.545,0.314,0.711,0.174,0.314,0.132,0.091,0.289
Ja Morant,PG,MEM,63,2053,0.499,0.632,0.372,0.437,0.316,0.303,0.748,0.335,0.261,0.132,0.02,0.252
Juwan Morgan,PF,UTA,29,147,0.588,0.692,0.333,0.0,0.0,0.308,0.567,0.433,0.1,0.033,0.0,0.433
Marcus Morris,PF,LAC,57,1502,0.472,0.604,0.316,0.504,0.455,0.473,0.493,0.082,0.098,0.2,0.113,0.507
Markieff Morris,PF,LAL,61,1200,0.521,0.7,0.5,0.444,0.318,0.311,0.447,0.132,0.138,0.119,0.058,0.553
Monte Morris,PG,DEN,47,1196,0.534,0.769,0.333,0.543,0.364,0.381,0.654,0.235,0.186,0.119,0.114,0.346
Mychal Mulder,PG,GSW,60,766,0.667,0.795,0.333,0.0,0.0,0.397,0.192,0.147,0.034,0.004,0.008,0.808
Dejounte Murray,PG,SAS,67,2139,0.488,0.649,0.39,0.452,0.477,0.317,0.796,0.193,0.205,0.266,0.131,0.204
Jamal Murray,PG,DEN,48,1704,0.523,0.816,0.465,0.496,0.396,0.408,0.601,0.124,0.144,0.145,0.188,0.399
Mike Muscala,C,OKC,35,645,0.614,0.714,0.5,0.818,0.412,0.37,0.311,0.131,0.075,0.041,0.064,0.689
Sviatoslav Mykhailiuk,SG,TOT,66,1324,0.536,0.66,0.302,0.5,0.538,0.334,0.379,0.209,0.105,0.04,0.026,0.621
Abdel Nader,SF,PHO,24,355,0.534,0.683,0.385,0.2,0.0,0.419,0.629,0.353,0.224,0.043,0.009,0.371
Larry Nance Jr.,PF,CLE,35,1091,0.551,0.682,0.432,0.25,0.462,0.36,0.581,0.313,0.162,0.059,0.048,0.419
Aaron Nesmith,SF,BOS,46,669,0.543,0.667,0.448,0.444,0.5,0.37,0.393,0.169,0.163,0.051,0.011,0.607
Raul Neto,PG,WAS,64,1403,0.512,0.61,0.489,0.511,0.278,0.39,0.633,0.172,0.315,0.105,0.04,0.367
Georges Niang,PF,UTA,72,1154,0.469,0.593,0.538,0.276,0.2,0.425,0.279,0.067,0.128,0.072,0.012,0.721
Zeke Nnaji,PF,DEN,42,397,0.578,0.864,0.214,0.5,0.333,0.407,0.433,0.212,0.135,0.058,0.029,0.567
Nerlens Noel,C,NYK,64,1547,0.623,0.706,0.489,0.278,0.5,0.0,0.987,0.686,0.202,0.081,0.018,0.013
Jaylen Nowell,SG,MIN,42,759,0.497,0.559,0.383,0.619,0.417,0.333,0.552,0.176,0.179,0.125,0.072,0.448
Frank Ntilikina,PG,NYK,33,322,0.194,0.667,0.167,0.167,0.1,0.479,0.392,0.038,0.076,0.152,0.127,0.608
Kendrick Nunn,PG,MIA,56,1650,0.583,0.755,0.405,0.421,0.529,0.381,0.514,0.229,0.12,0.087,0.078,0.486
James Nunnally,SF,NOP,9,48,1.0,0.0,0.0,0.0,1.0,0.333,0.077,0.0,0.0,0.0,0.077,0.923
Jusuf Nurkić,C,POR,37,880,0.525,0.596,0.433,0.5,0.091,0.4,0.91,0.565,0.27,0.042,0.033,0.09
David Nwaba,SF,HOU,30,679,0.574,0.667,0.422,0.0,0.0,0.27,0.711,0.482,0.206,0.023,0.0,0.289
Jordan Nwora,SF,MIL,30,274,0.466,0.577,0.389,0.308,0.5,0.452,0.541,0.193,0.133,0.096,0.119,0.459
Royce O'Neale,SF,UTA,71,2241,0.586,0.737,0.323,0.5,0.0,0.385,0.294,0.193,0.079,0.01,0.013,0.706
Semi Ojeleye,PF,BOS,56,950,0.492,0.636,0.542,0.25,0.2,0.367,0.285,0.1,0.109,0.054,0.023,0.715
Jahlil Okafor,C,DET,27,347,0.656,0.717,0.613,0.333,0.667,0.222,0.912,0.52,0.304,0.059,0.029,0.088
Chuma Okeke,PF,ORL,45,1133,0.47,0.68,0.333,0.447,0.409,0.348,0.565,0.154,0.157,0.117,0.136,0.435
Josh Okogie,SG,MIN,59,1197,0.5,0.615,0.235,0.0,0.2,0.269,0.575,0.409,0.134,0.012,0.02,0.425
Onyeka Okongwu,C,ATL,50,601,0.658,0.795,0.511,0.222,0.25,0.0,0.98,0.591,0.302,0.06,0.027,0.02
Isaac Okoro,SG,CLE,67,2173,0.501,0.611,0.364,0.077,0.273,0.29,0.617,0.377,0.197,0.023,0.02,0.383
KZ Okpala,PF,MIA,37,447,0.522,0.655,0.357,0.0,0.0,0.24,0.479,0.302,0.146,0.01,0.021,0.521
Victor Oladipo,SG,TOT,33,1080,0.466,0.655,0.356,0.306,0.304,0.326,0.585,0.247,0.156,0.085,0.097,0.415
Cameron Oliver,SF,HOU,4,87,0.75,0.769,0.75,0.667,0.0,0.308,0.606,0.394,0.121,0.091,0.0,0.394
Kelly Olynyk,C,TOT,70,1997,0.641,0.769,0.479,0.286,0.467,0.342,0.472,0.286,0.135,0.03,0.022,0.528
Miye Oni,SG,UTA,54,519,0.455,0.5,0.4,0.0,0.0,0.341,0.111,0.061,0.051,0.0,0.0,0.889
Cedi Osman,SF,CLE,59,1510,0.458,0.569,0.314,0.4,0.333,0.306,0.447,0.234,0.147,0.051,0.015,0.553
Daniel Oturu,C,LAC,30,161,0.447,0.583,0.214,0.6,0.25,0.2,0.904,0.462,0.269,0.096,0.077,0.096
Kelly Oubre Jr.,SF,GSW,55,1687,0.519,0.72,0.355,0.422,0.31,0.316,0.606,0.267,0.238,0.062,0.04,0.394
Jabari Parker,PF,TOT,13,165,0.636,0.941,0.5,0.333,0.444,0.182,0.8,0.309,0.218,0.109,0.164,0.2
Eric Paschall,PF,GSW,40,695,0.533,0.671,0.443,0.452,0.509,0.333,0.819,0.265,0.265,0.104,0.185,0.181
Anžejs Pasečņiks,C,WAS,1,6,0.0,0.0,0.0,0.0,0.0,0.0,0.0,0.0,0.0,0.0,0.0,1.0
Patrick Patterson,PF,LAC,38,582,0.604,0.7,0.462,0.571,0.333,0.357,0.321,0.182,0.079,0.042,0.018,0.679
Justin Patton,C,HOU,13,247,0.556,0.706,0.333,0.667,0.5,0.265,0.514,0.243,0.171,0.043,0.057,0.486
Chris Paul,PG,PHO,70,2199,0.543,0.667,0.55,0.516,0.546,0.395,0.706,0.058,0.114,0.327,0.208,0.294
Cameron Payne,PG,PHO,60,1079,0.515,0.667,0.43,0.49,0.529,0.44,0.58,0.159,0.253,0.124,0.043,0.42
Elfrid Payton,PG,NYK,63,1484,0.46,0.576,0.393,0.293,0.346,0.286,0.842,0.368,0.339,0.093,0.042,0.158
Gary Payton II,PG,GSW,10,40,0.889,0.875,1.0,0.0,0.0,0.5,0.692,0.615,0.077,0.0,0.0,0.308
Norvel Pelle,C,TOT,13,84,0.533,0.545,0.5,0.0,0.0,0.0,1.0,0.733,0.267,0.0,0.0,0.0
Reggie Perry,PF,BRK,26,211,0.491,0.628,0.0,0.5,0.0,0.19,0.731,0.551,0.141,0.026,0.013,0.269
Theo Pinson,SG,NYK,17,34,1.0,0.0,0.0,1.0,0.0,0.0,0.111,0.0,0.0,0.111,0.0,0.889
Mason Plumlee,C,DET,56,1499,0.626,0.795,0.422,0.25,0.316,0.0,0.982,0.575,0.304,0.052,0.05,0.018
Jakob Poeltl,C,SAS,69,1845,0.616,0.72,0.49,0.438,0.2,0.0,1.0,0.581,0.333,0.074,0.012,0.0
Vincent Poirier,C,PHI,10,39,0.273,0.4,0.0,0.333,0.0,0.0,0.917,0.417,0.083,0.25,0.167,0.083
Aleksej Pokusevski,PF,OKC,45,1090,0.403,0.554,0.333,0.408,0.278,0.28,0.493,0.137,0.147,0.12,0.088,0.507
Jordan Poole,SG,GSW,51,988,0.545,0.743,0.46,0.436,0.385,0.351,0.418,0.148,0.133,0.082,0.055,0.582
Jontay Porter,PF,MEM,11,54,0.714,0.667,1.0,1.0,0.5,0.375,0.467,0.2,0.067,0.067,0.133,0.533
Kevin Porter Jr.,SG,HOU,26,835,0.515,0.74,0.364,0.4,0.393,0.311,0.561,0.21,0.18,0.095,0.076,0.439
Michael Porter Jr.,SF,DEN,61,1912,0.628,0.838,0.486,0.417,0.494,0.445,0.532,0.226,0.131,0.073,0.102,0.468
Otto Porter,SF,TOT,28,606,0.48,0.774,0.314,0.48,0.375,0.375,0.542,0.137,0.154,0.11,0.141,0.458
Bobby Portis,C,MIL,66,1372,0.542,0.671,0.457,0.495,0.457,0.471,0.737,0.264,0.194,0.162,0.117,0.263
Kristaps Porziņģis,C,DAL,43,1327,0.536,0.75,0.457,0.402,0.377,0.376,0.622,0.223,0.154,0.157,0.089,0.378
Dwight Powell,C,DAL,58,966,0.665,0.755,0.25,0.0,0.0,0.238,0.892,0.737,0.144,0.01,0.0,0.108
Norman Powell,SG,TOT,69,2205,0.532,0.647,0.416,0.367,0.486,0.411,0.547,0.275,0.181,0.053,0.038,0.453
Taurean Prince,PF,TOT,41,905,0.401,0.55,0.271,0.382,0.368,0.4,0.526,0.183,0.18,0.104,0.058,0.474
Payton Pritchard,SG,BOS,66,1268,0.482,0.639,0.379,0.37,0.458,0.411,0.407,0.146,0.139,0.065,0.057,0.593
Immanuel Quickley,PG,NYK,64,1243,0.401,0.618,0.397,0.36,0.306,0.389,0.478,0.059,0.209,0.148,0.062,0.522
Jahmi'us Ramsey,SG,SAC,13,94,0.526,0.818,0.0,0.25,0.0,0.263,0.5,0.289,0.079,0.105,0.026,0.5
Chasson Randle,PG,ORL,41,837,0.449,0.708,0.258,0.167,0.25,0.338,0.451,0.203,0.131,0.051,0.068,0.549
Julius Randle,PF,NYK,71,2667,0.474,0.659,0.408,0.434,0.414,0.411,0.706,0.162,0.176,0.201,0.167,0.294
Cam Reddish,SF,ATL,26,750,0.46,0.656,0.262,0.278,0.385,0.262,0.521,0.243,0.16,0.068,0.049,0.479
J.J. Redick,SG,TOT,44,723,0.449,0.667,0.5,0.409,0.441,0.371,0.333,0.022,0.007,0.082,0.221,0.667
Paul Reed,PF,PHI,26,177,0.583,0.721,0.316,0.5,0.5,0.0,0.923,0.551,0.244,0.051,0.077,0.077
Naz Reid,C,MIN,70,1347,0.597,0.704,0.464,0.1,0.0,0.351,0.701,0.418,0.263,0.017,0.002,0.299
Cameron Reynolds,SF,TOT,5,40,0.5,0.5,0.5,0.5,0.0,0.25,0.333,0.111,0.111,0.111,0.0,0.667
Nick Richards,PF,CHO,18,63,0.5,0.5,0.5,0.0,0.0,0.0,0.889,0.667,0.222,0.0,0.0,0.111
Josh Richardson,SG,DAL,59,1790,0.501,0.677,0.404,0.495,0.383,0.33,0.568,0.16,0.16,0.15,0.097,0.432
Grant Riller,PG,CHO,7,27,0.75,1.0,0.0,1.0,0.5,0.5,0.667,0.25,0.0,0.083,0.333,0.333
Austin Rivers,SG,TOT,36,845,0.51,0.714,0.3,0.5,0.5,0.369,0.392,0.171,0.163,0.049,0.008,0.608
Andre Roberson,SG,BRK,5,63,0.167,0.2,0.0,0.0,0.0,0.125,0.429,0.357,0.071,0.0,0.0,0.571
Duncan Robinson,SF,MIA,72,2262,0.625,0.825,0.429,0.438,0.2,0.408,0.145,0.079,0.029,0.022,0.014,0.855
Glenn Robinson III,SF,SAC,23,369,0.473,0.4,0.64,0.167,0.25,0.364,0.556,0.202,0.253,0.061,0.04,0.444
Jerome Robinson,SG,WAS,17,305,0.321,0.6,0.294,0.235,0.357,0.262,0.558,0.053,0.179,0.179,0.147,0.442
Justin Robinson,PG,OKC,9,88,0.429,0.667,1.0,0.0,0.0,0.286,0.333,0.143,0.048,0.048,0.095,0.667
Mitchell Robinson,C,NYK,31,853,0.653,0.688,0.313,0.0,0.0,0.0,1.0,0.909,0.091,0.0,0.0,0.0
Isaiah Roby,PF,OKC,61,1425,0.547,0.643,0.422,0.409,0.429,0.294,0.746,0.424,0.254,0.051,0.016,0.254
Rajon Rondo,PG,TOT,45,770,0.468,0.6,0.262,0.4,0.444,0.404,0.586,0.326,0.195,0.023,0.042,0.414
Derrick Rose,PG,TOT,50,1279,0.492,0.517,0.456,0.51,0.489,0.388,0.789,0.237,0.241,0.164,0.147,0.211
Terrence Ross,SG,ORL,46,1347,0.469,0.744,0.365,0.538,0.391,0.337,0.571,0.063,0.12,0.172,0.216,0.429
Terry Rozier,SG,CHO,69,2383,0.512,0.615,0.418,0.564,0.36,0.389,0.496,0.183,0.15,0.097,0.066,0.504
Ricky Rubio,PG,MIN,68,1772,0.447,0.582,0.338,0.415,0.314,0.308,0.57,0.221,0.149,0.131,0.07,0.43
D'Angelo Russell,PG,MIN,42,1196,0.471,0.658,0.481,0.346,0.419,0.387,0.525,0.121,0.118,0.124,0.161,0.475
Domantas Sabonis,PF,IND,62,2231,0.582,0.746,0.427,0.362,0.327,0.321,0.821,0.431,0.259,0.076,0.054,0.179
Luka Šamanić,PF,SAS,33,308,0.565,0.735,0.364,0.0,0.667,0.279,0.59,0.324,0.21,0.029,0.029,0.41
JaKarr Sampson,PF,IND,29,316,0.541,0.519,0.541,0.667,0.75,0.2,0.867,0.478,0.327,0.027,0.035,0.133
Dario Šarić,C,PHO,50,871,0.512,0.674,0.359,0.52,0.25,0.348,0.605,0.269,0.228,0.073,0.035,0.395
Tomáš Satoranský,SG,CHI,58,1307,0.602,0.779,0.457,0.395,0.765,0.356,0.641,0.261,0.213,0.116,0.052,0.359
Dennis Schröder,SG,LAL,61,1956,0.476,0.6,0.366,0.457,0.431,0.335,0.721,0.25,0.216,0.17,0.086,0.279
Mike Scott,PF,PHI,51,852,0.411,0.5,0.5,0.273,0.273,0.342,0.265,0.085,0.076,0.052,0.052,0.735
Jay Scrubb,SG,LAC,4,84,0.444,0.545,0.333,0.333,0.429,0.222,0.75,0.306,0.167,0.083,0.194,0.25
Collin Sexton,SG,CLE,60,2115,0.508,0.619,0.455,0.483,0.329,0.371,0.761,0.273,0.251,0.163,0.074,0.239
Landry Shamet,SG,BRK,61,1403,0.463,0.585,0.375,0.357,0.389,0.387,0.27,0.116,0.053,0.061,0.039,0.73
Iman Shumpert,SG,BRK,2,11,1.0,0.0,0.0,1.0,0.0,0.0,0.25,0.0,0.0,0.25,0.0,0.75
Pascal Siakam,PF,TOR,56,2006,0.509,0.69,0.424,0.425,0.412,0.297,0.744,0.241,0.324,0.091,0.088,0.256
Chris Silva,PF,TOT,15,92,0.6,0.75,0.5,0.5,0.0,1.0,0.938,0.5,0.25,0.125,0.063,0.063
Ben Simmons,PG,PHI,58,1877,0.562,0.687,0.426,0.366,0.5,0.3,0.983,0.527,0.383,0.07,0.003,0.017
Anfernee Simons,SG,POR,64,1104,0.403,0.531,0.295,0.412,0.423,0.426,0.297,0.08,0.11,0.042,0.065,0.703
Deividas Sirvydis,SG,DET,20,133,0.333,0.571,0.0,0.0,0.0,0.357,0.3,0.175,0.075,0.025,0.025,0.7
Alen Smailagić,PF,GSW,15,84,0.412,0.5,0.286,0.0,0.0,0.4,0.63,0.37,0.259,0.0,0.0,0.37
Marcus Smart,PG,BOS,48,1581,0.482,0.515,0.495,0.419,0.464,0.33,0.447,0.129,0.178,0.084,0.055,0.553
Dennis Smith Jr.,PG,TOT,23,420,0.448,0.545,0.421,0.4,0.35,0.328,0.6,0.228,0.131,0.103,0.138,0.4
Ish Smith,PG,WAS,44,924,0.448,0.554,0.45,0.391,0.412,0.367,0.835,0.189,0.202,0.215,0.229,0.165
Jalen Smith,PF,PHO,27,156,0.545,0.667,0.5,0.167,0.0,0.235,0.66,0.42,0.12,0.12,0.0,0.34
Tony Snell,SG,ATL,47,992,0.419,0.615,0.346,0.421,0.25,0.569,0.363,0.076,0.152,0.111,0.023,0.637
Ray Spalding,C,HOU,2,19,0.667,0.5,1.0,0.0,0.0,0.0,0.75,0.5,0.25,0.0,0.0,0.25
Cassius Stanley,SG,IND,24,93,0.333,0.444,0.2,0.0,0.0,0.231,0.698,0.419,0.233,0.047,0.0,0.302
Lamar Stevens,PF,CLE,40,499,0.523,0.7,0.35,0.394,0.375,0.16,0.816,0.368,0.147,0.243,0.059,0.184
Isaiah Stewart,C,DET,68,1455,0.592,0.644,0.524,0.556,0.429,0.333,0.846,0.494,0.252,0.066,0.034,0.154
Max Strus,SF,MIA,39,507,0.897,0.897,1.0,0.0,0.0,0.338,0.209,0.155,0.048,0.0,0.005,0.791
Edmond Sumner,SG,IND,53,861,0.582,0.712,0.364,0.4,0.0,0.398,0.688,0.443,0.195,0.035,0.014,0.312
Jae'Sean Tate,SF,HOU,70,2043,0.595,0.719,0.449,0.083,0.286,0.308,0.688,0.405,0.253,0.019,0.011,0.312
Jayson Tatum,SF,BOS,64,2290,0.502,0.735,0.417,0.349,0.422,0.386,0.632,0.197,0.206,0.141,0.088,0.368
Jeff Teague,PG,TOT,55,950,0.431,0.648,0.38,0.394,0.174,0.439,0.711,0.19,0.324,0.116,0.081,0.289
Garrett Temple,SG,CHI,56,1528,0.503,0.611,0.424,0.393,0.367,0.335,0.475,0.236,0.087,0.073,0.079,0.525
Tyrell Terry,PG,DAL,11,56,0.556,1.0,0.0,0.0,0.0,0.0,0.563,0.313,0.125,0.063,0.063,0.438
Daniel Theis,C,TOT,65,1601,0.646,0.776,0.548,0.5,0.556,0.322,0.674,0.315,0.157,0.124,0.077,0.326
Brodric Thomas,SG,TOT,32,399,0.469,0.72,0.125,0.0,0.286,0.271,0.454,0.231,0.074,0.019,0.13,0.546
Isaiah Thomas,PG,NOP,3,48,0.4,0.5,0.0,0.75,0.25,0.25,0.556,0.148,0.111,0.148,0.148,0.444
Khyri Thomas,SG,HOU,5,153,0.59,0.833,0.375,0.5,0.333,0.333,0.591,0.273,0.121,0.061,0.136,0.409
Matt Thomas,SG,TOT,45,326,0.489,0.625,0.25,0.556,0.5,0.338,0.37,0.063,0.063,0.071,0.173,0.63
Tristan Thompson,PF,BOS,54,1287,0.523,0.571,0.48,0.467,0.5,0.0,0.991,0.472,0.466,0.046,0.006,0.009
Sindarius Thornwell,SG,TOT,21,217,0.348,0.667,0.25,0.25,0.0,0.304,0.5,0.13,0.261,0.087,0.022,0.5
Matisse Thybulle,SG,PHI,65,1298,0.59,0.742,0.367,0.167,0.5,0.301,0.412,0.255,0.123,0.025,0.008,0.588
Killian Tillie,C,MEM,18,182,0.375,0.429,0.286,1.0,0.0,0.303,0.421,0.123,0.246,0.035,0.018,0.579
Xavier Tillman Sr.,PF,MEM,59,1085,0.62,0.731,0.526,0.574,0.286,0.338,0.783,0.348,0.254,0.157,0.023,0.217
Anthony Tolliver,PF,PHI,11,99,0.0,0.0,0.0,0.0,0.0,0.286,0.176,0.059,0.059,0.0,0.059,0.824
Obi Toppin,PF,NYK,62,683,0.629,0.695,0.481,0.444,0.667,0.306,0.593,0.392,0.129,0.043,0.029,0.407
Juan Toscano-Anderson,SG,GSW,53,1107,0.718,0.817,0.455,0.0,1.0,0.402,0.56,0.392,0.158,0.0,0.01,0.44
Axel Toupane,SF,MIL,8,61,0.333,0.6,0.0,0.0,0.0,0.5,0.818,0.455,0.091,0.091,0.182,0.182
Karl-Anthony Towns,C,MIN,50,1689,0.541,0.663,0.476,0.356,0.409,0.387,0.64,0.285,0.238,0.067,0.05,0.36
Gary Trent Jr.,SG,TOT,58,1802,0.435,0.646,0.359,0.393,0.375,0.385,0.454,0.101,0.117,0.113,0.122,0.546
P.J. Tucker,PF,TOT,52,1356,0.448,0.515,0.412,0.167,0.5,0.336,0.328,0.186,0.096,0.034,0.011,0.672
Rayjon Tucker,PG,PHI,14,68,0.636,0.7,0.0,0.0,0.0,0.286,0.611,0.556,0.0,0.0,0.056,0.389
Myles Turner,C,IND,47,1455,0.606,0.725,0.438,0.333,0.25,0.335,0.523,0.329,0.148,0.028,0.019,0.477
Jonas Valančiūnas,C,MEM,62,1755,0.611,0.69,0.536,0.508,0.556,0.368,0.923,0.46,0.351,0.087,0.024,0.077
Denzel Valentine,SG,CHI,62,1036,0.431,0.611,0.4,0.359,0.417,0.331,0.418,0.087,0.12,0.154,0.058,0.582
Jarred Vanderbilt,PF,MIN,64,1139,0.615,0.717,0.233,0.0,0.0,0.2,0.979,0.78,0.182,0.017,0.0,0.021
Fred VanVleet,SG,TOR,52,1899,0.416,0.53,0.26,0.433,0.386,0.366,0.453,0.174,0.115,0.069,0.095,0.547
Anderson Varejão,C,CLE,5,36,0.267,0.286,0.0,0.0,0.5,0.0,0.938,0.438,0.125,0.125,0.25,0.063
Devin Vassell,SF,SAS,62,1056,0.464,0.658,0.5,0.431,0.289,0.347,0.505,0.125,0.086,0.168,0.125,0.495
Gabe Vincent,PG,MIA,50,655,0.5,0.633,0.286,0.5,0.25,0.309,0.361,0.21,0.09,0.026,0.034,0.639
Noah Vonleh,PF,BRK,4,11,0.0,0.0,0.0,0.0,0.0,0.0,0.333,0.333,0.0,0.0,0.0,0.667
Nikola Vučević,C,TOT,70,2348,0.513,0.683,0.484,0.466,0.437,0.4,0.685,0.143,0.251,0.166,0.125,0.315
Dean Wade,PF,CLE,63,1212,0.571,0.662,0.333,0.5,0.375,0.366,0.315,0.209,0.048,0.032,0.026,0.685
Moritz Wagner,C,TOT,45,722,0.529,0.643,0.419,0.0,0.5,0.341,0.603,0.306,0.271,0.009,0.017,0.397
Kemba Walker,PG,BOS,43,1369,0.486,0.741,0.377,0.475,0.352,0.36,0.478,0.126,0.157,0.09,0.105,0.522
Lonnie Walker,SG,SAS,60,1522,0.477,0.572,0.424,0.411,0.388,0.355,0.537,0.227,0.108,0.092,0.11,0.463
John Wall,PG,HOU,40,1288,0.449,0.568,0.386,0.385,0.315,0.317,0.657,0.293,0.139,0.054,0.171,0.343
Brad Wanamaker,PG,TOT,61,1053,0.463,0.602,0.338,0.316,0.412,0.188,0.716,0.311,0.227,0.064,0.114,0.284
T.J. Warren,SF,IND,4,117,0.614,0.824,0.714,0.3,0.5,0.0,0.863,0.333,0.137,0.196,0.196,0.137
P.J. Washington,PF,CHO,64,1954,0.48,0.613,0.375,0.28,0.235,0.386,0.577,0.283,0.233,0.036,0.025,0.423
Yuta Watanabe,SF,TOR,50,723,0.478,0.667,0.375,0.222,1.0,0.4,0.5,0.217,0.178,0.1,0.006,0.5
Tremont Waters,PG,BOS,26,238,0.413,0.636,0.364,0.429,0.167,0.395,0.548,0.131,0.262,0.083,0.071,0.452
Paul Watson,SF,TOR,27,297,0.444,0.875,0.143,0.0,0.0,0.469,0.22,0.098,0.085,0.037,0.0,0.78
Quinndary Weatherspoon,SG,SAS,20,121,0.517,0.706,0.25,0.5,0.167,0.167,0.829,0.486,0.114,0.057,0.171,0.171
Russell Westbrook,PG,WAS,65,2369,0.475,0.65,0.465,0.379,0.383,0.315,0.779,0.194,0.245,0.117,0.224,0.221
Coby White,PG,CHI,69,2156,0.473,0.558,0.347,0.456,0.436,0.359,0.497,0.221,0.109,0.063,0.104,0.503
Derrick White,SG,SAS,36,1064,0.486,0.646,0.474,0.27,0.385,0.346,0.464,0.143,0.21,0.082,0.029,0.536
Hassan Whiteside,C,SAC,36,546,0.565,0.732,0.451,0.484,0.625,0.0,0.996,0.366,0.455,0.138,0.036,0.004
Greg Whittington,PF,DEN,4,12,0.0,0.0,0.0,0.0,0.0,0.0,0.333,0.0,0.0,0.333,0.0,0.667
Andrew Wiggins,PF,GSW,71,2364,0.529,0.706,0.5,0.404,0.38,0.38,0.652,0.218,0.197,0.108,0.129,0.348
Grant Williams,PF,BOS,63,1138,0.508,0.6,0.5,0.231,0.4,0.372,0.478,0.202,0.202,0.053,0.02,0.522
Kenrich Williams,PF,OKC,66,1426,0.568,0.729,0.447,0.429,0.412,0.444,0.715,0.324,0.207,0.102,0.083,0.285
Lou Williams,PG,TOT,66,1423,0.414,0.624,0.359,0.404,0.333,0.399,0.732,0.132,0.203,0.226,0.172,0.268
Patrick Williams,PF,CHI,71,1983,0.515,0.673,0.394,0.443,0.411,0.391,0.739,0.29,0.178,0.133,0.138,0.261
Robert Williams,C,BOS,52,985,0.727,0.801,0.651,0.643,0.231,0.0,0.992,0.643,0.244,0.054,0.05,0.008
Zion Williamson,PF,NOP,61,2026,0.622,0.701,0.419,0.5,0.0,0.294,0.967,0.696,0.257,0.012,0.002,0.033
D.J. Wilson,PF,TOT,35,433,0.469,0.529,0.45,0.429,0.385,0.345,0.482,0.202,0.119,0.083,0.077,0.518
Dylan Windler,SF,CLE,31,513,0.585,0.629,0.538,0.4,0.0,0.338,0.408,0.269,0.1,0.038,0.0,0.592
Justise Winslow,SF,MEM,26,507,0.41,0.551,0.455,0.194,0.286,0.185,0.743,0.233,0.262,0.148,0.1,0.257
Cassius Winston,PG,WAS,22,98,0.375,0.5,0.25,0.75,0.167,0.471,0.485,0.061,0.121,0.121,0.182,0.515
James Wiseman,C,GSW,39,836,0.542,0.794,0.419,0.243,0.386,0.316,0.897,0.356,0.285,0.101,0.155,0.103
Christian Wood,C,HOU,41,1326,0.581,0.805,0.352,0.455,0.3,0.374,0.678,0.336,0.195,0.069,0.078,0.322
Robert Woodard,SF,SAC,13,45,0.5,1.0,0.0,0.5,0.5,0.167,0.7,0.25,0.25,0.1,0.1,0.3
Delon Wright,SG,TOT,63,1748,0.509,0.645,0.373,0.364,0.429,0.372,0.668,0.332,0.259,0.064,0.014,0.332
Thaddeus Young,PF,CHI,68,1652,0.58,0.678,0.505,0.414,0.333,0.267,0.932,0.446,0.424,0.044,0.018,0.068
Trae Young,PG,ATL,63,2125,0.491,0.572,0.47,0.428,0.53,0.343,0.643,0.162,0.226,0.181,0.075,0.357
Cody Zeller,C,CHO,48,1005,0.598,0.684,0.414,0.556,0.5,0.143,0.914,0.605,0.269,0.028,0.012,0.086
Ivica Zubac,C,LAC,72,1609,0.656,0.729,0.504,0.5,0.25,0.25,0.99,0.683,0.287,0.01,0.01,0.01
